,When,Date,WorkDays,,Date,Alberta Weekly,British Columbia Weekly,Canada Weekly,Manitoba Weekly,New Brunswick Weekly,Newfoundland And Labrador Weekly,Nova Scotia Weekly,Ontario Weekly,Prince Edward Island Weekly,Quebec Weekly,Saskatchewan Weekly,Alberta monthly,British Columbia monthly,Canada monthly,Manitoba monthly,New Brunswick monthly,Newfoundland And Labrador monthly,Nova Scotia monthly,Ontario monthly,Prince Edward Island monthly,Quebec monthly,Saskatchewan monthly
0,2001-01-01T00:00:00,1/1/2001,23,,1/1/2001,$670.54 ,$660.48 ,$658.02 ,$578.95 ,$584.75 ,$594.00 ,$571.28 ,$698.57 ,$535.65 ,$624.81 ,$596.53 ,"$3,084.48 ","$3,038.21 ","$3,026.89 ","$2,663.17 ","$2,689.85 ","$2,732.40 ","$2,627.89 ","$3,213.42 ","$2,463.99 ","$2,874.13 ","$2,744.04 "
1,2001-02-01T00:00:00,2/1/2001,20,,2/1/2001,$670.52 ,$659.33 ,$655.79 ,$580.63 ,$585.11 ,$591.92 ,$570.06 ,$693.69 ,$532.02 ,$623.93 ,$595.09 ,"$2,682.08 ","$2,637.32 ","$2,623.16 ","$2,322.52 ","$2,340.44 ","$2,367.68 ","$2,280.24 ","$2,774.76 ","$2,128.08 ","$2,495.72 ","$2,380.36 "
2,2001-03-01T00:00:00,3/1/2001,22,,3/1/2001,$668.49 ,$654.07 ,$655.88 ,$578.67 ,$584.13 ,$593.47 ,$570.70 ,$697.08 ,$534.71 ,$622.94 ,$589.09 ,"$2,941.36 ","$2,877.91 ","$2,885.87 ","$2,546.15 ","$2,570.17 ","$2,611.27 ","$2,511.08 ","$3,067.15 ","$2,352.72 ","$2,740.94 ","$2,592.00 "
3,2001-04-01T00:00:00,4/1/2001,21,,4/1/2001,$671.71 ,$657.15 ,$654.09 ,$576.36 ,$580.92 ,$591.96 ,$568.70 ,$693.73 ,$522.50 ,$619.12 ,$589.37 ,"$2,821.18 ","$2,760.03 ","$2,747.18 ","$2,420.71 ","$2,439.86 ","$2,486.23 ","$2,388.54 ","$2,913.67 ","$2,194.50 ","$2,600.30 ","$2,475.35 "
4,2001-05-01T00:00:00,5/1/2001,23,,5/1/2001,$664.45 ,$653.23 ,$650.02 ,$571.84 ,$578.44 ,$588.19 ,$567.96 ,$688.27 ,$522.31 ,$618.90 ,$587.41 ,"$3,056.47 ","$3,004.86 ","$2,990.09 ","$2,630.46 ","$2,660.82 ","$2,705.67 ","$2,612.62 ","$3,166.04 ","$2,402.63 ","$2,846.94 ","$2,702.09 "
5,2001-06-01T00:00:00,6/1/2001,21,,6/1/2001,$675.72 ,$661.49 ,$658.06 ,$588.66 ,$582.79 ,$591.85 ,$576.42 ,$697.37 ,$529.47 ,$623.50 ,$597.65 ,"$2,838.02 ","$2,778.26 ","$2,763.85 ","$2,472.37 ","$2,447.72 ","$2,485.77 ","$2,420.96 ","$2,928.95 ","$2,223.77 ","$2,618.70 ","$2,510.13 "
6,2001-07-01T00:00:00,7/1/2001,22,,7/1/2001,$672.96 ,$655.63 ,$655.38 ,$586.31 ,$580.57 ,$590.91 ,$576.16 ,$696.65 ,$509.55 ,$619.98 ,$590.31 ,"$2,961.02 ","$2,884.77 ","$2,883.67 ","$2,579.76 ","$2,554.51 ","$2,600.00 ","$2,535.10 ","$3,065.26 ","$2,242.02 ","$2,727.91 ","$2,597.36 "
7,2001-08-01T00:00:00,8/1/2001,23,,8/1/2001,$673.60 ,$653.55 ,$655.54 ,$592.32 ,$602.85 ,$593.53 ,$579.54 ,$691.09 ,$534.47 ,$625.05 ,$598.63 ,"$3,098.56 ","$3,006.33 ","$3,015.48 ","$2,724.67 ","$2,773.11 ","$2,730.24 ","$2,665.88 ","$3,179.01 ","$2,458.56 ","$2,875.23 ","$2,753.70 "
8,2001-09-01T00:00:00,9/1/2001,20,,9/1/2001,$692.18 ,$659.15 ,$660.50 ,$587.73 ,$594.41 ,$600.95 ,$576.75 ,$699.48 ,$531.89 ,$622.17 ,$600.95 ,"$2,768.72 ","$2,636.60 ","$2,642.00 ","$2,350.92 ","$2,377.64 ","$2,403.80 ","$2,307.00 ","$2,797.92 ","$2,127.56 ","$2,488.68 ","$2,403.80 "
9,2001-10-01T00:00:00,10/1/2001,23,,10/1/2001,$693.13 ,$664.43 ,$661.11 ,$587.39 ,$595.74 ,$596.49 ,$582.77 ,$697.06 ,$535.24 ,$623.80 ,$603.69 ,"$3,188.40 ","$3,056.38 ","$3,041.11 ","$2,701.99 ","$2,740.40 ","$2,743.85 ","$2,680.74 ","$3,206.48 ","$2,462.10 ","$2,869.48 ","$2,776.97 "
10,2001-11-01T00:00:00,11/1/2001,22,,11/1/2001,$675.80 ,$655.07 ,$659.65 ,$586.56 ,$598.11 ,$585.27 ,$583.15 ,$701.04 ,$535.62 ,$625.83 ,$590.90 ,"$2,973.52 ","$2,882.31 ","$2,902.46 ","$2,580.86 ","$2,631.68 ","$2,575.19 ","$2,565.86 ","$3,084.58 ","$2,356.73 ","$2,753.65 ","$2,599.96 "
11,2001-12-01T00:00:00,12/1/2001,21,,12/1/2001,$674.09 ,$658.72 ,$661.38 ,$593.03 ,$602.37 ,$594.03 ,$594.16 ,$697.61 ,$559.80 ,$631.09 ,$605.77 ,"$2,831.18 ","$2,766.62 ","$2,777.80 ","$2,490.73 ","$2,529.95 ","$2,494.93 ","$2,495.47 ","$2,929.96 ","$2,351.16 ","$2,650.58 ","$2,544.23 "
12,2002-01-01T00:00:00,1/1/2002,23,,1/1/2002,$683.11 ,$655.56 ,$664.21 ,$589.62 ,$599.19 ,$599.19 ,$591.75 ,$698.73 ,$562.60 ,$638.98 ,$604.17 ,"$3,142.31 ","$3,015.58 ","$3,055.37 ","$2,712.25 ","$2,756.27 ","$2,756.27 ","$2,722.05 ","$3,214.16 ","$2,587.96 ","$2,939.31 ","$2,779.18 "
13,2002-02-01T00:00:00,2/1/2002,20,,2/1/2002,$688.54 ,$665.24 ,$662.65 ,$594.31 ,$596.29 ,$590.37 ,$586.60 ,$699.15 ,$551.04 ,$625.51 ,$599.27 ,"$2,754.16 ","$2,660.96 ","$2,650.60 ","$2,377.24 ","$2,385.16 ","$2,361.48 ","$2,346.40 ","$2,796.60 ","$2,204.16 ","$2,502.04 ","$2,397.08 "
14,2002-03-01T00:00:00,3/1/2002,21,,3/1/2002,$692.57 ,$676.82 ,$666.93 ,$597.55 ,$601.49 ,$600.05 ,$589.95 ,$703.71 ,$565.53 ,$625.05 ,$605.13 ,"$2,908.79 ","$2,842.64 ","$2,801.11 ","$2,509.71 ","$2,526.26 ","$2,520.21 ","$2,477.79 ","$2,955.58 ","$2,375.23 ","$2,625.21 ","$2,541.55 "
15,2002-04-01T00:00:00,4/1/2002,22,,4/1/2002,$695.96 ,$679.44 ,$674.60 ,$601.36 ,$604.18 ,$604.78 ,$595.20 ,$711.85 ,$558.95 ,$638.81 ,$611.67 ,"$3,062.22 ","$2,989.54 ","$2,968.24 ","$2,645.98 ","$2,658.39 ","$2,661.03 ","$2,618.88 ","$3,132.14 ","$2,459.38 ","$2,810.76 ","$2,691.35 "
16,2002-05-01T00:00:00,5/1/2002,23,,5/1/2002,$680.85 ,$666.55 ,$669.81 ,$597.94 ,$603.29 ,$611.06 ,$598.47 ,$706.47 ,$560.30 ,$643.68 ,$598.18 ,"$3,131.91 ","$3,066.13 ","$3,081.13 ","$2,750.52 ","$2,775.13 ","$2,810.88 ","$2,752.96 ","$3,249.76 ","$2,577.38 ","$2,960.93 ","$2,751.63 "
17,2002-06-01T00:00:00,6/1/2002,20,,6/1/2002,$693.46 ,$667.02 ,$671.76 ,$602.12 ,$604.21 ,$607.08 ,$601.48 ,$711.41 ,$562.65 ,$637.10 ,$603.64 ,"$2,773.84 ","$2,668.08 ","$2,687.04 ","$2,408.48 ","$2,416.84 ","$2,428.32 ","$2,405.92 ","$2,845.64 ","$2,250.60 ","$2,548.40 ","$2,414.56 "
18,2002-07-01T00:00:00,7/1/2002,23,,7/1/2002,$694.92 ,$671.04 ,$675.49 ,$607.44 ,$604.91 ,$607.55 ,$604.48 ,$716.17 ,$540.74 ,$640.26 ,$610.15 ,"$3,196.63 ","$3,086.78 ","$3,107.25 ","$2,794.22 ","$2,782.59 ","$2,794.73 ","$2,780.61 ","$3,294.38 ","$2,487.40 ","$2,945.20 ","$2,806.69 "
19,2002-08-01T00:00:00,8/1/2002,22,,8/1/2002,$684.47 ,$661.43 ,$668.37 ,$603.27 ,$598.43 ,$604.04 ,$593.00 ,$707.61 ,$541.00 ,$637.98 ,$601.88 ,"$3,011.67 ","$2,910.29 ","$2,940.83 ","$2,654.39 ","$2,633.09 ","$2,657.78 ","$2,609.20 ","$3,113.48 ","$2,380.40 ","$2,807.11 ","$2,648.27 "
20,2002-09-01T00:00:00,9/1/2002,21,,9/1/2002,$696.89 ,$676.77 ,$674.85 ,$604.20 ,$602.88 ,$612.71 ,$591.76 ,$715.92 ,$549.76 ,$635.00 ,$614.12 ,"$2,926.94 ","$2,842.43 ","$2,834.37 ","$2,537.64 ","$2,532.10 ","$2,573.38 ","$2,485.39 ","$3,006.86 ","$2,308.99 ","$2,667.00 ","$2,579.30 "
21,2002-10-01T00:00:00,10/1/2002,23,,10/1/2002,$694.75 ,$666.65 ,$679.36 ,$604.21 ,$614.14 ,$618.29 ,$598.80 ,$718.94 ,$557.49 ,$653.22 ,$610.46 ,"$3,195.85 ","$3,066.59 ","$3,125.06 ","$2,779.37 ","$2,825.04 ","$2,844.13 ","$2,754.48 ","$3,307.12 ","$2,564.45 ","$3,004.81 ","$2,808.12 "
22,2002-11-01T00:00:00,11/1/2002,21,,11/1/2002,$702.92 ,$682.70 ,$680.13 ,$619.95 ,$609.87 ,$622.08 ,$598.29 ,$719.97 ,$565.05 ,$638.40 ,$619.96 ,"$2,952.26 ","$2,867.34 ","$2,856.55 ","$2,603.79 ","$2,561.45 ","$2,612.74 ","$2,512.82 ","$3,023.87 ","$2,373.21 ","$2,681.28 ","$2,603.83 "
23,2002-12-01T00:00:00,12/1/2002,22,,12/1/2002,$704.60 ,$687.48 ,$686.19 ,$624.44 ,$611.50 ,$629.78 ,$609.86 ,$722.11 ,$578.68 ,$652.01 ,$628.34 ,"$3,100.24 ","$3,024.91 ","$3,019.24 ","$2,747.54 ","$2,690.60 ","$2,771.03 ","$2,683.38 ","$3,177.28 ","$2,546.19 ","$2,868.84 ","$2,764.70 "
24,2003-01-01T00:00:00,1/1/2003,23,,1/1/2003,$703.22 ,$680.11 ,$681.49 ,$617.27 ,$612.60 ,$624.96 ,$607.06 ,$716.52 ,$575.74 ,$647.76 ,$622.08 ,"$3,234.81 ","$3,128.51 ","$3,134.85 ","$2,839.44 ","$2,817.96 ","$2,874.82 ","$2,792.48 ","$3,295.99 ","$2,648.40 ","$2,979.70 ","$2,861.57 "
25,2003-02-01T00:00:00,2/1/2003,20,,2/1/2003,$721.01 ,$690.65 ,$690.54 ,$618.41 ,$614.48 ,$636.75 ,$607.21 ,$728.11 ,$575.82 ,$651.18 ,$632.02 ,"$2,884.04 ","$2,762.60 ","$2,762.16 ","$2,473.64 ","$2,457.92 ","$2,547.00 ","$2,428.84 ","$2,912.44 ","$2,303.28 ","$2,604.72 ","$2,528.08 "
26,2003-03-01T00:00:00,3/1/2003,21,,3/1/2003,$708.69 ,$679.43 ,$682.94 ,$613.23 ,$611.07 ,$629.32 ,$605.46 ,$721.34 ,$564.34 ,$645.06 ,$623.45 ,"$2,976.50 ","$2,853.61 ","$2,868.35 ","$2,575.57 ","$2,566.49 ","$2,643.14 ","$2,542.93 ","$3,029.63 ","$2,370.23 ","$2,709.25 ","$2,618.49 "
27,2003-04-01T00:00:00,4/1/2003,22,,4/1/2003,$716.16 ,$685.81 ,$686.99 ,$613.37 ,$615.02 ,$636.17 ,$611.04 ,$723.04 ,$565.33 ,$650.32 ,$631.06 ,"$3,151.10 ","$3,017.56 ","$3,022.76 ","$2,698.83 ","$2,706.09 ","$2,799.15 ","$2,688.58 ","$3,181.38 ","$2,487.45 ","$2,861.41 ","$2,776.66 "
28,2003-05-01T00:00:00,5/1/2003,22,,5/1/2003,$697.56 ,$675.68 ,$683.63 ,$609.06 ,$612.55 ,$641.92 ,$613.51 ,$721.47 ,$569.65 ,$655.06 ,$621.18 ,"$3,069.26 ","$2,972.99 ","$3,007.97 ","$2,679.86 ","$2,695.22 ","$2,824.45 ","$2,699.44 ","$3,174.47 ","$2,506.46 ","$2,882.26 ","$2,733.19 "
29,2003-06-01T00:00:00,6/1/2003,21,,6/1/2003,$717.20 ,$690.12 ,$692.58 ,$619.38 ,$617.83 ,$648.53 ,$614.96 ,$730.87 ,$571.59 ,$656.80 ,$639.94 ,"$3,012.24 ","$2,898.50 ","$2,908.84 ","$2,601.40 ","$2,594.89 ","$2,723.83 ","$2,582.83 ","$3,069.65 ","$2,400.68 ","$2,758.56 ","$2,687.75 "
30,2003-07-01T00:00:00,7/1/2003,23,,7/1/2003,$711.94 ,$672.89 ,$689.06 ,$612.14 ,$620.46 ,$652.13 ,$610.28 ,$725.97 ,$550.70 ,$664.96 ,$624.79 ,"$3,274.92 ","$3,095.29 ","$3,169.68 ","$2,815.84 ","$2,854.12 ","$2,999.80 ","$2,807.29 ","$3,339.46 ","$2,533.22 ","$3,058.82 ","$2,874.03 "
31,2003-08-01T00:00:00,8/1/2003,21,,8/1/2003,$721.01 ,$687.68 ,$690.30 ,$621.83 ,$620.38 ,$650.10 ,$611.49 ,$729.97 ,$558.38 ,$648.06 ,$636.91 ,"$3,028.24 ","$2,888.26 ","$2,899.26 ","$2,611.69 ","$2,605.60 ","$2,730.42 ","$2,568.26 ","$3,065.87 ","$2,345.20 ","$2,721.85 ","$2,675.02 "
32,2003-09-01T00:00:00,9/1/2003,22,,9/1/2003,$734.12 ,$694.58 ,$698.22 ,$625.76 ,$627.10 ,$642.94 ,$610.00 ,$736.56 ,$575.64 ,$658.48 ,$647.21 ,"$3,230.13 ","$3,056.15 ","$3,072.17 ","$2,753.34 ","$2,759.24 ","$2,828.94 ","$2,684.00 ","$3,240.86 ","$2,532.82 ","$2,897.31 ","$2,847.72 "
33,2003-10-01T00:00:00,10/1/2003,23,,10/1/2003,$716.88 ,$687.63 ,$696.61 ,$623.77 ,$626.28 ,$629.39 ,$609.47 ,$735.77 ,$573.32 ,$667.28 ,$635.79 ,"$3,297.65 ","$3,163.10 ","$3,204.41 ","$2,869.34 ","$2,880.89 ","$2,895.19 ","$2,803.56 ","$3,384.54 ","$2,637.27 ","$3,069.49 ","$2,924.63 "
34,2003-11-01T00:00:00,11/1/2003,20,,11/1/2003,$732.11 ,$698.13 ,$699.90 ,$623.69 ,$631.20 ,$643.69 ,$610.64 ,$736.44 ,$580.70 ,$663.95 ,$642.95 ,"$2,928.44 ","$2,792.52 ","$2,799.60 ","$2,494.76 ","$2,524.80 ","$2,574.76 ","$2,442.56 ","$2,945.76 ","$2,322.80 ","$2,655.80 ","$2,571.80 "
35,2003-12-01T00:00:00,12/1/2003,23,,12/1/2003,$722.90 ,$687.28 ,$699.47 ,$631.05 ,$623.87 ,$639.71 ,$618.84 ,$736.87 ,$585.19 ,$669.42 ,$645.72 ,"$3,325.34 ","$3,161.49 ","$3,217.56 ","$2,902.83 ","$2,869.80 ","$2,942.67 ","$2,846.66 ","$3,389.60 ","$2,691.87 ","$3,079.33 ","$2,970.31 "
36,2004-01-01T00:00:00,1/1/2004,22,,1/1/2004,$730.59 ,$692.67 ,$702.75 ,$632.77 ,$631.80 ,$646.17 ,$615.09 ,$745.60 ,$590.41 ,$661.51 ,$641.73 ,"$3,214.60 ","$3,047.75 ","$3,092.10 ","$2,784.19 ","$2,779.92 ","$2,843.15 ","$2,706.40 ","$3,280.64 ","$2,597.80 ","$2,910.64 ","$2,823.61 "
37,2004-02-01T00:00:00,2/1/2004,20,,2/1/2004,$740.74 ,$700.11 ,$705.91 ,$632.57 ,$626.71 ,$654.02 ,$611.00 ,$747.62 ,$576.66 ,$663.00 ,$643.18 ,"$2,962.96 ","$2,800.44 ","$2,823.64 ","$2,530.28 ","$2,506.84 ","$2,616.08 ","$2,444.00 ","$2,990.48 ","$2,306.64 ","$2,652.00 ","$2,572.72 "
38,2004-03-01T00:00:00,3/1/2004,23,,3/1/2004,$746.86 ,$697.32 ,$705.77 ,$629.28 ,$623.13 ,$656.38 ,$617.98 ,$745.37 ,$580.73 ,$663.84 ,$646.91 ,"$3,435.56 ","$3,207.67 ","$3,246.54 ","$2,894.69 ","$2,866.40 ","$3,019.35 ","$2,842.71 ","$3,428.70 ","$2,671.36 ","$3,053.66 ","$2,975.79 "
39,2004-04-01T00:00:00,4/1/2004,22,,4/1/2004,$726.46 ,$689.84 ,$704.91 ,$628.24 ,$621.01 ,$642.10 ,$619.96 ,$748.34 ,$586.30 ,$671.42 ,$635.02 ,"$3,196.42 ","$3,035.30 ","$3,101.60 ","$2,764.26 ","$2,732.44 ","$2,825.24 ","$2,727.82 ","$3,292.70 ","$2,579.72 ","$2,954.25 ","$2,794.09 "
40,2004-05-01T00:00:00,5/1/2004,21,,5/1/2004,$735.63 ,$693.88 ,$709.16 ,$633.74 ,$629.23 ,$671.62 ,$630.93 ,$750.96 ,$606.63 ,$672.21 ,$655.08 ,"$3,089.65 ","$2,914.30 ","$2,978.47 ","$2,661.71 ","$2,642.77 ","$2,820.80 ","$2,649.91 ","$3,154.03 ","$2,547.85 ","$2,823.28 ","$2,751.34 "
41,2004-06-01T00:00:00,6/1/2004,22,,6/1/2004,$731.50 ,$689.72 ,$707.28 ,$633.04 ,$625.84 ,$658.03 ,$627.55 ,$748.35 ,$589.09 ,$676.27 ,$648.67 ,"$3,218.60 ","$3,034.77 ","$3,112.03 ","$2,785.38 ","$2,753.70 ","$2,895.33 ","$2,761.22 ","$3,292.74 ","$2,592.00 ","$2,975.59 ","$2,854.15 "
42,2004-07-01T00:00:00,7/1/2004,22,,7/1/2004,$731.59 ,$692.59 ,$706.16 ,$631.24 ,$623.59 ,$660.96 ,$627.41 ,$747.80 ,$570.53 ,$671.36 ,$652.82 ,"$3,219.00 ","$3,047.40 ","$3,107.10 ","$2,777.46 ","$2,743.80 ","$2,908.22 ","$2,760.60 ","$3,290.32 ","$2,510.33 ","$2,953.98 ","$2,872.41 "
43,2004-08-01T00:00:00,8/1/2004,22,,8/1/2004,$746.79 ,$699.22 ,$707.49 ,$636.22 ,$621.98 ,$651.47 ,$627.45 ,$745.36 ,$563.70 ,$669.03 ,$656.69 ,"$3,285.88 ","$3,076.57 ","$3,112.96 ","$2,799.37 ","$2,736.71 ","$2,866.47 ","$2,760.78 ","$3,279.58 ","$2,480.28 ","$2,943.73 ","$2,889.44 "
44,2004-09-01T00:00:00,9/1/2004,22,,9/1/2004,$743.73 ,$691.92 ,$711.68 ,$635.10 ,$629.05 ,$649.74 ,$627.34 ,$744.54 ,$577.92 ,$693.36 ,$651.57 ,"$3,272.41 ","$3,044.45 ","$3,131.39 ","$2,794.44 ","$2,767.82 ","$2,858.86 ","$2,760.30 ","$3,275.98 ","$2,542.85 ","$3,050.78 ","$2,866.91 "
45,2004-10-01T00:00:00,10/1/2004,21,,10/1/2004,$746.81 ,$706.07 ,$711.51 ,$651.13 ,$632.33 ,$659.98 ,$630.28 ,$750.17 ,$584.74 ,$668.87 ,$662.06 ,"$3,136.60 ","$2,965.49 ","$2,988.34 ","$2,734.75 ","$2,655.79 ","$2,771.92 ","$2,647.18 ","$3,150.71 ","$2,455.91 ","$2,809.25 ","$2,780.65 "
46,2004-11-01T00:00:00,11/1/2004,22,,11/1/2004,$761.41 ,$709.57 ,$716.23 ,$648.86 ,$634.31 ,$656.19 ,$627.25 ,$753.11 ,$593.43 ,$673.86 ,$669.35 ,"$3,350.20 ","$3,122.11 ","$3,151.41 ","$2,854.98 ","$2,790.96 ","$2,887.24 ","$2,759.90 ","$3,313.68 ","$2,611.09 ","$2,964.98 ","$2,945.14 "
47,2004-12-01T00:00:00,12/1/2004,23,,12/1/2004,$747.23 ,$705.55 ,$720.44 ,$647.95 ,$643.32 ,$659.31 ,$643.97 ,$758.94 ,$607.09 ,$688.18 ,$666.76 ,"$3,437.26 ","$3,245.53 ","$3,314.02 ","$2,980.57 ","$2,959.27 ","$3,032.83 ","$2,962.26 ","$3,491.12 ","$2,792.61 ","$3,165.63 ","$3,067.10 "
48,2005-01-01T00:00:00,1/1/2005,21,,1/1/2005,$764.65 ,$715.99 ,$725.89 ,$658.96 ,$652.63 ,$672.41 ,$647.98 ,$764.64 ,$604.08 ,$681.06 ,$681.22 ,"$3,211.53 ","$3,007.16 ","$3,048.74 ","$2,767.63 ","$2,741.05 ","$2,824.12 ","$2,721.52 ","$3,211.49 ","$2,537.14 ","$2,860.45 ","$2,861.12 "
49,2005-02-01T00:00:00,2/1/2005,20,,2/1/2005,$785.75 ,$726.15 ,$736.62 ,$659.63 ,$654.11 ,$677.05 ,$654.51 ,$776.30 ,$609.09 ,$690.69 ,$680.44 ,"$3,143.00 ","$2,904.60 ","$2,946.48 ","$2,638.52 ","$2,616.44 ","$2,708.20 ","$2,618.04 ","$3,105.20 ","$2,436.36 ","$2,762.76 ","$2,721.76 "
50,2005-03-01T00:00:00,3/1/2005,23,,3/1/2005,$753.61 ,$701.01 ,$725.46 ,$657.92 ,$649.99 ,$664.54 ,$647.21 ,$763.68 ,$601.43 ,$698.83 ,$660.71 ,"$3,466.61 ","$3,224.65 ","$3,337.12 ","$3,026.43 ","$2,989.95 ","$3,056.88 ","$2,977.17 ","$3,512.93 ","$2,766.58 ","$3,214.62 ","$3,039.27 "
51,2005-04-01T00:00:00,4/1/2005,21,,4/1/2005,$768.57 ,$723.27 ,$730.08 ,$657.87 ,$650.50 ,$676.23 ,$646.68 ,$773.07 ,$603.32 ,$681.96 ,$669.64 ,"$3,227.99 ","$3,037.73 ","$3,066.34 ","$2,763.05 ","$2,732.10 ","$2,840.17 ","$2,716.06 ","$3,246.89 ","$2,533.94 ","$2,864.23 ","$2,812.49 "
52,2005-05-01T00:00:00,5/1/2005,22,,5/1/2005,$777.96 ,$724.58 ,$732.58 ,$660.31 ,$648.88 ,$681.50 ,$654.89 ,$772.70 ,$599.84 ,$685.59 ,$679.13 ,"$3,423.02 ","$3,188.15 ","$3,223.35 ","$2,905.36 ","$2,855.07 ","$2,998.60 ","$2,881.52 ","$3,399.88 ","$2,639.30 ","$3,016.60 ","$2,988.17 "
53,2005-06-01T00:00:00,6/1/2005,22,,6/1/2005,$769.72 ,$717.59 ,$737.03 ,$668.97 ,$651.25 ,$681.86 ,$658.26 ,$780.19 ,$596.32 ,$700.16 ,$673.19 ,"$3,386.77 ","$3,157.40 ","$3,242.93 ","$2,943.47 ","$2,865.50 ","$3,000.18 ","$2,896.34 ","$3,432.84 ","$2,623.81 ","$3,080.70 ","$2,962.04 "
54,2005-07-01T00:00:00,7/1/2005,21,,7/1/2005,$774.32 ,$717.79 ,$732.72 ,$664.86 ,$650.55 ,$687.90 ,$655.07 ,$771.46 ,$594.02 ,$694.08 ,$675.98 ,"$3,252.14 ","$3,014.72 ","$3,077.42 ","$2,792.41 ","$2,732.31 ","$2,889.18 ","$2,751.29 ","$3,240.13 ","$2,494.88 ","$2,915.14 ","$2,839.12 "
55,2005-08-01T00:00:00,8/1/2005,23,,8/1/2005,$788.82 ,$721.83 ,$737.25 ,$668.22 ,$650.25 ,$684.16 ,$658.37 ,$775.08 ,$589.19 ,$695.62 ,$685.14 ,"$3,628.57 ","$3,320.42 ","$3,391.35 ","$3,073.81 ","$2,991.15 ","$3,147.14 ","$3,028.50 ","$3,565.37 ","$2,710.27 ","$3,199.85 ","$3,151.64 "
56,2005-09-01T00:00:00,9/1/2005,22,,9/1/2005,$797.72 ,$732.94 ,$750.15 ,$676.45 ,$662.76 ,$687.48 ,$667.95 ,$789.46 ,$602.71 ,$712.43 ,$685.41 ,"$3,509.97 ","$3,224.94 ","$3,300.66 ","$2,976.38 ","$2,916.14 ","$3,024.91 ","$2,938.98 ","$3,473.62 ","$2,651.92 ","$3,134.69 ","$3,015.80 "
57,2005-10-01T00:00:00,10/1/2005,21,,10/1/2005,$806.67 ,$727.07 ,$745.00 ,$672.92 ,$664.33 ,$694.49 ,$665.19 ,$784.10 ,$605.55 ,$697.21 ,$693.74 ,"$3,388.01 ","$3,053.69 ","$3,129.00 ","$2,826.26 ","$2,790.19 ","$2,916.86 ","$2,793.80 ","$3,293.22 ","$2,543.31 ","$2,928.28 ","$2,913.71 "
58,2005-11-01T00:00:00,11/1/2005,22,,11/1/2005,$813.68 ,$734.55 ,$744.12 ,$669.69 ,$663.52 ,$689.05 ,$664.16 ,$780.22 ,$611.13 ,$692.79 ,$691.75 ,"$3,580.19 ","$3,232.02 ","$3,274.13 ","$2,946.64 ","$2,919.49 ","$3,031.82 ","$2,922.30 ","$3,432.97 ","$2,688.97 ","$3,048.28 ","$3,043.70 "
59,2005-12-01T00:00:00,12/1/2005,22,,12/1/2005,$795.73 ,$731.04 ,$744.96 ,$671.90 ,$663.38 ,$689.01 ,$665.35 ,$782.10 ,$625.42 ,$703.33 ,$688.49 ,"$3,501.21 ","$3,216.58 ","$3,277.82 ","$2,956.36 ","$2,918.87 ","$3,031.64 ","$2,927.54 ","$3,441.24 ","$2,751.85 ","$3,094.65 ","$3,029.36 "
60,2006-01-01T00:00:00,1/1/2006,22,,1/1/2006,$809.20 ,$737.46 ,$745.92 ,$675.30 ,$667.62 ,$696.36 ,$670.78 ,$784.57 ,$624.49 ,$688.28 ,$703.69 ,"$3,560.48 ","$3,244.82 ","$3,282.05 ","$2,971.32 ","$2,937.53 ","$3,063.98 ","$2,951.43 ","$3,452.11 ","$2,747.76 ","$3,028.43 ","$3,096.24 "
61,2006-02-01T00:00:00,2/1/2006,20,,2/1/2006,$820.63 ,$745.92 ,$750.88 ,$676.03 ,$667.28 ,$696.93 ,$668.33 ,$787.84 ,$615.44 ,$694.78 ,$697.29 ,"$3,282.52 ","$2,983.68 ","$3,003.52 ","$2,704.12 ","$2,669.12 ","$2,787.72 ","$2,673.32 ","$3,151.36 ","$2,461.76 ","$2,779.12 ","$2,789.16 "
62,2006-03-01T00:00:00,3/1/2006,23,,3/1/2006,$810.53 ,$733.18 ,$750.57 ,$677.82 ,$666.39 ,$697.16 ,$669.46 ,$785.61 ,$619.78 ,$709.13 ,$694.58 ,"$3,728.44 ","$3,372.63 ","$3,452.62 ","$3,117.97 ","$3,065.39 ","$3,206.94 ","$3,079.52 ","$3,613.81 ","$2,850.99 ","$3,262.00 ","$3,195.07 "
63,2006-04-01T00:00:00,4/1/2006,20,,4/1/2006,$820.94 ,$744.35 ,$750.57 ,$675.59 ,$668.49 ,$706.22 ,$667.61 ,$783.55 ,$621.81 ,$699.77 ,$705.73 ,"$3,283.76 ","$2,977.40 ","$3,002.28 ","$2,702.36 ","$2,673.96 ","$2,824.88 ","$2,670.44 ","$3,134.20 ","$2,487.24 ","$2,799.08 ","$2,822.92 "
64,2006-05-01T00:00:00,5/1/2006,23,,5/1/2006,$824.64 ,$748.70 ,$750.35 ,$671.65 ,$666.57 ,$706.87 ,$662.60 ,$782.20 ,$628.00 ,$698.94 ,$702.60 ,"$3,793.34 ","$3,444.02 ","$3,451.61 ","$3,089.59 ","$3,066.22 ","$3,251.60 ","$3,047.96 ","$3,598.12 ","$2,888.80 ","$3,215.12 ","$3,231.96 "
65,2006-06-01T00:00:00,6/1/2006,22,,6/1/2006,$809.03 ,$742.35 ,$753.77 ,$691.44 ,$671.62 ,$702.87 ,$678.54 ,$784.84 ,$627.40 ,$715.48 ,$707.28 ,"$3,559.73 ","$3,266.34 ","$3,316.59 ","$3,042.34 ","$2,955.13 ","$3,092.63 ","$2,985.58 ","$3,453.30 ","$2,760.56 ","$3,148.11 ","$3,112.03 "
66,2006-07-01T00:00:00,7/1/2006,21,,7/1/2006,$817.47 ,$739.37 ,$750.98 ,$680.69 ,$666.76 ,$703.26 ,$675.41 ,$782.64 ,$608.19 ,$707.15 ,$707.14 ,"$3,433.37 ","$3,105.35 ","$3,154.12 ","$2,858.90 ","$2,800.39 ","$2,953.69 ","$2,836.72 ","$3,287.09 ","$2,554.40 ","$2,970.03 ","$2,969.99 "
67,2006-08-01T00:00:00,8/1/2006,23,,8/1/2006,$817.20 ,$733.75 ,$754.22 ,$678.08 ,$666.59 ,$701.91 ,$677.12 ,$784.06 ,$607.28 ,$722.64 ,$701.03 ,"$3,759.12 ","$3,375.25 ","$3,469.41 ","$3,119.17 ","$3,066.31 ","$3,228.79 ","$3,114.75 ","$3,606.68 ","$2,793.49 ","$3,324.14 ","$3,224.74 "
68,2006-09-01T00:00:00,9/1/2006,21,,9/1/2006,$827.29 ,$748.30 ,$757.15 ,$694.70 ,$680.08 ,$713.53 ,$675.86 ,$793.66 ,$625.31 ,$700.16 ,$710.12 ,"$3,474.62 ","$3,142.86 ","$3,180.03 ","$2,917.74 ","$2,856.34 ","$2,996.83 ","$2,838.61 ","$3,333.37 ","$2,626.30 ","$2,940.67 ","$2,982.50 "
69,2006-10-01T00:00:00,10/1/2006,22,,10/1/2006,$842.57 ,$751.64 ,$761.69 ,$692.35 ,$680.81 ,$713.90 ,$671.73 ,$796.44 ,$622.92 ,$704.99 ,$717.13 ,"$3,707.31 ","$3,307.22 ","$3,351.44 ","$3,046.34 ","$2,995.56 ","$3,141.16 ","$2,955.61 ","$3,504.34 ","$2,740.85 ","$3,101.96 ","$3,155.37 "
70,2006-11-01T00:00:00,11/1/2006,22,,11/1/2006,$822.22 ,$736.59 ,$760.42 ,$689.81 ,$687.34 ,$706.36 ,$677.32 ,$791.94 ,$630.17 ,$726.38 ,$705.60 ,"$3,617.77 ","$3,241.00 ","$3,345.85 ","$3,035.16 ","$3,024.30 ","$3,107.98 ","$2,980.21 ","$3,484.54 ","$2,772.75 ","$3,196.07 ","$3,104.64 "
71,2006-12-01T00:00:00,12/1/2006,21,,12/1/2006,$845.36 ,$766.66 ,$773.45 ,$717.12 ,$698.05 ,$726.71 ,$686.59 ,$806.65 ,$647.11 ,$717.51 ,$726.55 ,"$3,550.51 ","$3,219.97 ","$3,248.49 ","$3,011.90 ","$2,931.81 ","$3,052.18 ","$2,883.68 ","$3,387.93 ","$2,717.86 ","$3,013.54 ","$3,051.51 "
72,2007-01-01T00:00:00,1/1/2007,23,,1/1/2007,$854.96 ,$762.68 ,$773.73 ,$707.73 ,$696.82 ,$729.26 ,$681.76 ,$807.77 ,$642.43 ,$714.54 ,$732.72 ,"$3,932.82 ","$3,508.33 ","$3,559.16 ","$3,255.56 ","$3,205.37 ","$3,354.60 ","$3,136.10 ","$3,715.74 ","$2,955.18 ","$3,286.88 ","$3,370.51 "
73,2007-02-01T00:00:00,2/1/2007,20,,2/1/2007,$853.84 ,$758.66 ,$776.53 ,$714.22 ,$700.51 ,$721.53 ,$685.84 ,$809.89 ,$645.75 ,$724.67 ,$732.27 ,"$3,415.36 ","$3,034.64 ","$3,106.12 ","$2,856.88 ","$2,802.04 ","$2,886.12 ","$2,743.36 ","$3,239.56 ","$2,583.00 ","$2,898.68 ","$2,929.08 "
74,2007-03-01T00:00:00,3/1/2007,22,,3/1/2007,$850.70 ,$759.08 ,$784.01 ,$724.61 ,$708.73 ,$731.68 ,$702.86 ,$816.33 ,$661.79 ,$741.70 ,$738.86 ,"$3,743.08 ","$3,339.95 ","$3,449.64 ","$3,188.28 ","$3,118.41 ","$3,219.39 ","$3,092.58 ","$3,591.85 ","$2,911.88 ","$3,263.48 ","$3,250.98 "
75,2007-04-01T00:00:00,4/1/2007,21,,4/1/2007,$857.63 ,$766.23 ,$781.52 ,$719.08 ,$703.84 ,$738.92 ,$689.61 ,$815.20 ,$648.19 ,$728.52 ,$733.57 ,"$3,602.05 ","$3,218.17 ","$3,282.38 ","$3,020.14 ","$2,956.13 ","$3,103.46 ","$2,896.36 ","$3,423.84 ","$2,722.40 ","$3,059.78 ","$3,080.99 "
76,2007-05-01T00:00:00,5/1/2007,23,,5/1/2007,$849.73 ,$757.83 ,$784.79 ,$711.28 ,$709.09 ,$728.27 ,$701.21 ,$815.04 ,$645.08 ,$752.91 ,$734.84 ,"$3,908.76 ","$3,486.02 ","$3,610.03 ","$3,271.89 ","$3,261.81 ","$3,350.04 ","$3,225.57 ","$3,749.18 ","$2,967.37 ","$3,463.39 ","$3,380.26 "
77,2007-06-01T00:00:00,6/1/2007,21,,6/1/2007,$874.78 ,$781.65 ,$792.83 ,$735.08 ,$709.27 ,$740.65 ,$706.09 ,$827.65 ,$644.68 ,$733.70 ,$754.63 ,"$3,674.08 ","$3,282.93 ","$3,329.89 ","$3,087.34 ","$2,978.93 ","$3,110.73 ","$2,965.58 ","$3,476.13 ","$2,707.66 ","$3,081.54 ","$3,169.45 "
78,2007-07-01T00:00:00,7/1/2007,22,,7/1/2007,$878.76 ,$770.76 ,$788.23 ,$723.46 ,$699.33 ,$737.91 ,$693.87 ,$819.07 ,$625.36 ,$737.81 ,$746.20 ,"$3,866.54 ","$3,391.34 ","$3,468.21 ","$3,183.22 ","$3,077.05 ","$3,246.80 ","$3,053.03 ","$3,603.91 ","$2,751.58 ","$3,246.36 ","$3,283.28 "
79,2007-08-01T00:00:00,8/1/2007,23,,8/1/2007,$863.34 ,$761.89 ,$784.12 ,$723.55 ,$701.18 ,$727.78 ,$697.54 ,$814.41 ,$627.68 ,$741.36 ,$739.08 ,"$3,971.36 ","$3,504.69 ","$3,606.95 ","$3,328.33 ","$3,225.43 ","$3,347.79 ","$3,208.68 ","$3,746.29 ","$2,887.33 ","$3,410.26 ","$3,399.77 "
80,2007-09-01T00:00:00,9/1/2007,20,,9/1/2007,$889.34 ,$773.30 ,$790.83 ,$725.99 ,$706.19 ,$740.20 ,$688.71 ,$820.11 ,$637.27 ,$737.29 ,$761.11 ,"$3,557.36 ","$3,093.20 ","$3,163.32 ","$2,903.96 ","$2,824.76 ","$2,960.80 ","$2,754.84 ","$3,280.44 ","$2,549.08 ","$2,949.16 ","$3,044.44 "
81,2007-10-01T00:00:00,10/1/2007,23,,10/1/2007,$898.35 ,$777.97 ,$793.56 ,$732.68 ,$713.49 ,$743.79 ,$686.09 ,$823.31 ,$640.49 ,$734.54 ,$757.42 ,"$4,132.41 ","$3,578.66 ","$3,650.38 ","$3,370.33 ","$3,282.05 ","$3,421.43 ","$3,156.01 ","$3,787.23 ","$2,946.25 ","$3,378.88 ","$3,484.13 "
82,2007-11-01T00:00:00,11/1/2007,22,,11/1/2007,$886.73 ,$778.59 ,$799.17 ,$739.94 ,$719.72 ,$741.63 ,$699.24 ,$830.69 ,$657.05 ,$748.61 ,$756.88 ,"$3,901.61 ","$3,425.80 ","$3,516.35 ","$3,255.74 ","$3,166.77 ","$3,263.17 ","$3,076.66 ","$3,655.04 ","$2,891.02 ","$3,293.88 ","$3,330.27 "
83,2007-12-01T00:00:00,12/1/2007,21,,12/1/2007,$890.70 ,$782.80 ,$799.48 ,$736.98 ,$723.41 ,$741.36 ,$702.30 ,$828.37 ,$664.98 ,$746.40 ,$769.23 ,"$3,740.94 ","$3,287.76 ","$3,357.82 ","$3,095.32 ","$3,038.32 ","$3,113.71 ","$2,949.66 ","$3,479.15 ","$2,792.92 ","$3,134.88 ","$3,230.77 "
84,2008-01-01T00:00:00,1/1/2008,23,,1/1/2008,$884.75 ,$769.03 ,$797.52 ,$727.19 ,$717.77 ,$741.54 ,$701.96 ,$829.96 ,$656.31 ,$749.64 ,$758.43 ,"$4,069.85 ","$3,537.54 ","$3,668.59 ","$3,345.07 ","$3,301.74 ","$3,411.08 ","$3,229.02 ","$3,817.82 ","$3,019.03 ","$3,448.34 ","$3,488.78 "
85,2008-02-01T00:00:00,2/1/2008,21,,2/1/2008,$922.82 ,$794.93 ,$809.57 ,$752.05 ,$724.79 ,$751.24 ,$703.08 ,$844.43 ,$662.03 ,$735.04 ,$776.17 ,"$3,875.84 ","$3,338.71 ","$3,400.19 ","$3,158.61 ","$3,044.12 ","$3,155.21 ","$2,952.94 ","$3,546.61 ","$2,780.53 ","$3,087.17 ","$3,259.91 "
86,2008-03-01T00:00:00,3/1/2008,21,,3/1/2008,$919.04 ,$788.66 ,$808.43 ,$742.82 ,$721.88 ,$757.38 ,$703.61 ,$836.65 ,$657.41 ,$749.81 ,$774.82 ,"$3,859.97 ","$3,312.37 ","$3,395.41 ","$3,119.84 ","$3,031.90 ","$3,181.00 ","$2,955.16 ","$3,513.93 ","$2,761.12 ","$3,149.20 ","$3,254.24 "
87,2008-04-01T00:00:00,4/1/2008,22,,4/1/2008,$916.76 ,$792.34 ,$810.42 ,$745.34 ,$722.86 ,$762.49 ,$707.55 ,$837.25 ,$664.16 ,$755.15 ,$781.84 ,"$4,033.74 ","$3,486.30 ","$3,565.85 ","$3,279.50 ","$3,180.58 ","$3,354.96 ","$3,113.22 ","$3,683.90 ","$2,922.30 ","$3,322.66 ","$3,440.10 "
88,2008-05-01T00:00:00,5/1/2008,22,,5/1/2008,$899.01 ,$785.46 ,$806.89 ,$742.78 ,$726.55 ,$760.89 ,$714.59 ,$834.92 ,$669.08 ,$759.39 ,$769.62 ,"$3,955.64 ","$3,456.02 ","$3,550.32 ","$3,268.23 ","$3,196.82 ","$3,347.92 ","$3,144.20 ","$3,673.65 ","$2,943.95 ","$3,341.32 ","$3,386.33 "
89,2008-06-01T00:00:00,6/1/2008,21,,6/1/2008,$922.17 ,$792.15 ,$811.88 ,$745.33 ,$724.78 ,$765.74 ,$712.56 ,$842.92 ,$647.95 ,$750.63 ,$784.30 ,"$3,873.11 ","$3,327.03 ","$3,409.90 ","$3,130.39 ","$3,044.08 ","$3,216.11 ","$2,992.75 ","$3,540.26 ","$2,721.39 ","$3,152.65 ","$3,294.06 "
90,2008-07-01T00:00:00,7/1/2008,23,,7/1/2008,$905.63 ,$774.61 ,$807.36 ,$737.05 ,$733.85 ,$758.90 ,$720.38 ,$831.80 ,$654.23 ,$768.93 ,$773.56 ,"$4,165.90 ","$3,563.21 ","$3,713.86 ","$3,390.43 ","$3,375.71 ","$3,490.94 ","$3,313.75 ","$3,826.28 ","$3,009.46 ","$3,537.08 ","$3,558.38 "
91,2008-08-01T00:00:00,8/1/2008,21,,8/1/2008,$922.40 ,$793.14 ,$805.97 ,$746.93 ,$733.82 ,$770.91 ,$715.99 ,$833.26 ,$650.44 ,$736.34 ,$791.19 ,"$3,874.08 ","$3,331.19 ","$3,385.07 ","$3,137.11 ","$3,082.04 ","$3,237.82 ","$3,007.16 ","$3,499.69 ","$2,731.85 ","$3,092.63 ","$3,323.00 "
92,2008-09-01T00:00:00,9/1/2008,22,,9/1/2008,$945.23 ,$799.70 ,$813.15 ,$748.01 ,$732.90 ,$773.05 ,$713.48 ,$838.19 ,$649.94 ,$743.16 ,$796.66 ,"$4,159.01 ","$3,518.68 ","$3,577.86 ","$3,291.24 ","$3,224.76 ","$3,401.42 ","$3,139.31 ","$3,688.04 ","$2,859.74 ","$3,269.90 ","$3,505.30 "
93,2008-10-01T00:00:00,10/1/2008,23,,10/1/2008,$929.89 ,$791.18 ,$817.93 ,$749.84 ,$741.10 ,$774.91 ,$717.62 ,$845.80 ,$664.81 ,$762.61 ,$790.85 ,"$4,277.49 ","$3,639.43 ","$3,762.48 ","$3,449.26 ","$3,409.06 ","$3,564.59 ","$3,301.05 ","$3,890.68 ","$3,058.13 ","$3,508.01 ","$3,637.91 "
94,2008-11-01T00:00:00,11/1/2008,20,,11/1/2008,$952.59 ,$796.00 ,$818.72 ,$747.92 ,$738.73 ,$788.43 ,$716.72 ,$846.39 ,$664.67 ,$749.08 ,$797.31 ,"$3,810.36 ","$3,184.00 ","$3,274.88 ","$2,991.68 ","$2,954.92 ","$3,153.72 ","$2,866.88 ","$3,385.56 ","$2,658.68 ","$2,996.32 ","$3,189.24 "
95,2008-12-01T00:00:00,12/1/2008,23,,12/1/2008,$946.64 ,$789.85 ,$814.47 ,$757.94 ,$736.79 ,$780.99 ,$724.78 ,$837.50 ,$681.49 ,$749.77 ,$790.61 ,"$4,354.54 ","$3,633.31 ","$3,746.56 ","$3,486.52 ","$3,389.23 ","$3,592.55 ","$3,333.99 ","$3,852.50 ","$3,134.85 ","$3,448.94 ","$3,636.81 "
96,2009-01-01T00:00:00,1/1/2009,22,,1/1/2009,$945.00 ,$792.58 ,$815.09 ,$763.32 ,$742.42 ,$775.89 ,$720.94 ,$842.29 ,$688.51 ,$741.62 ,$797.72 ,"$4,158.00 ","$3,487.35 ","$3,586.40 ","$3,358.61 ","$3,266.65 ","$3,413.92 ","$3,172.14 ","$3,706.08 ","$3,029.44 ","$3,263.13 ","$3,509.97 "
97,2009-02-01T00:00:00,2/1/2009,20,,2/1/2009,$963.38 ,$793.71 ,$824.64 ,$766.19 ,$745.60 ,$784.47 ,$727.75 ,$853.11 ,$699.09 ,$752.92 ,$797.78 ,"$3,853.52 ","$3,174.84 ","$3,298.56 ","$3,064.76 ","$2,982.40 ","$3,137.88 ","$2,911.00 ","$3,412.44 ","$2,796.36 ","$3,011.68 ","$3,191.12 "
98,2009-03-01T00:00:00,3/1/2009,22,,3/1/2009,$962.10 ,$798.70 ,$824.29 ,$768.18 ,$746.40 ,$799.76 ,$728.00 ,$851.62 ,$694.32 ,$751.39 ,$796.16 ,"$4,233.24 ","$3,514.28 ","$3,626.88 ","$3,379.99 ","$3,284.16 ","$3,518.94 ","$3,203.20 ","$3,747.13 ","$3,055.01 ","$3,306.12 ","$3,503.10 "
99,2009-04-01T00:00:00,4/1/2009,22,,4/1/2009,$935.00 ,$788.63 ,$817.56 ,$753.26 ,$741.42 ,$797.85 ,$728.52 ,$847.22 ,$696.95 ,$755.58 ,$783.11 ,"$4,114.00 ","$3,469.97 ","$3,597.26 ","$3,314.34 ","$3,262.25 ","$3,510.54 ","$3,205.49 ","$3,727.77 ","$3,066.58 ","$3,324.55 ","$3,445.68 "
100,2009-05-01T00:00:00,5/1/2009,21,,5/1/2009,$942.96 ,$794.39 ,$815.67 ,$753.14 ,$742.13 ,$805.45 ,$733.46 ,$840.15 ,$695.54 ,$750.67 ,$790.75 ,"$3,960.43 ","$3,336.44 ","$3,425.81 ","$3,163.19 ","$3,116.95 ","$3,382.89 ","$3,080.53 ","$3,528.63 ","$2,921.27 ","$3,152.81 ","$3,321.15 "
101,2009-06-01T00:00:00,6/1/2009,22,,6/1/2009,$952.69 ,$793.85 ,$822.73 ,$762.49 ,$741.58 ,$798.01 ,$733.04 ,$845.78 ,$689.47 ,$766.27 ,$802.48 ,"$4,191.84 ","$3,492.94 ","$3,620.01 ","$3,354.96 ","$3,262.95 ","$3,511.24 ","$3,225.38 ","$3,721.43 ","$3,033.67 ","$3,371.59 ","$3,530.91 "
102,2009-07-01T00:00:00,7/1/2009,23,,7/1/2009,$940.03 ,$788.56 ,$819.08 ,$764.90 ,$756.55 ,$803.36 ,$728.98 ,$840.52 ,$686.50 ,$767.99 ,$792.20 ,"$4,324.14 ","$3,627.38 ","$3,767.77 ","$3,518.54 ","$3,480.13 ","$3,695.46 ","$3,353.31 ","$3,866.39 ","$3,157.90 ","$3,532.75 ","$3,644.12 "
103,2009-08-01T00:00:00,8/1/2009,21,,8/1/2009,$932.93 ,$785.32 ,$815.98 ,$759.85 ,$749.25 ,$789.07 ,$730.70 ,$841.15 ,$674.05 ,$761.01 ,$796.63 ,"$3,918.31 ","$3,298.34 ","$3,427.12 ","$3,191.37 ","$3,146.85 ","$3,314.09 ","$3,068.94 ","$3,532.83 ","$2,831.01 ","$3,196.24 ","$3,345.85 "
104,2009-09-01T00:00:00,9/1/2009,22,,9/1/2009,$951.29 ,$797.21 ,$825.84 ,$775.83 ,$762.58 ,$799.43 ,$735.82 ,$850.76 ,$687.65 ,$764.06 ,$811.70 ,"$4,185.68 ","$3,507.72 ","$3,633.70 ","$3,413.65 ","$3,355.35 ","$3,517.49 ","$3,237.61 ","$3,743.34 ","$3,025.66 ","$3,361.86 ","$3,571.48 "
105,2009-10-01T00:00:00,10/1/2009,22,,10/1/2009,$947.97 ,$803.06 ,$825.31 ,$778.88 ,$748.29 ,$812.18 ,$714.57 ,$851.96 ,$695.79 ,$760.59 ,$812.38 ,"$4,171.07 ","$3,533.46 ","$3,631.36 ","$3,427.07 ","$3,292.48 ","$3,573.59 ","$3,144.11 ","$3,748.62 ","$3,061.48 ","$3,346.60 ","$3,574.47 "
106,2009-11-01T00:00:00,11/1/2009,21,,11/1/2009,$960.62 ,$797.56 ,$828.30 ,$766.44 ,$752.76 ,$822.36 ,$725.05 ,$856.30 ,$687.27 ,$762.12 ,$814.68 ,"$4,034.60 ","$3,349.75 ","$3,478.86 ","$3,219.05 ","$3,161.59 ","$3,453.91 ","$3,045.21 ","$3,596.46 ","$2,886.53 ","$3,200.90 ","$3,421.66 "
107,2009-12-01T00:00:00,12/1/2009,23,,12/1/2009,$947.44 ,$809.36 ,$834.32 ,$767.55 ,$758.38 ,$820.61 ,$742.45 ,$865.50 ,$691.88 ,$767.77 ,$825.17 ,"$4,358.22 ","$3,723.06 ","$3,837.87 ","$3,530.73 ","$3,488.55 ","$3,774.81 ","$3,415.27 ","$3,981.30 ","$3,182.65 ","$3,531.74 ","$3,795.78 "
108,2010-01-01T00:00:00,1/1/2010,21,,1/1/2010,$961.69 ,$802.01 ,$833.23 ,$764.38 ,$755.16 ,$816.06 ,$737.71 ,$865.90 ,$677.03 ,$759.51 ,$832.46 ,"$4,039.10 ","$3,368.44 ","$3,499.57 ","$3,210.40 ","$3,171.67 ","$3,427.45 ","$3,098.38 ","$3,636.78 ","$2,843.53 ","$3,189.94 ","$3,496.33 "
109,2010-02-01T00:00:00,2/1/2010,20,,2/1/2010,$984.82 ,$812.78 ,$847.87 ,$776.32 ,$761.98 ,$837.14 ,$756.30 ,$882.54 ,$715.00 ,$770.93 ,$827.17 ,"$3,939.28 ","$3,251.12 ","$3,391.48 ","$3,105.28 ","$3,047.92 ","$3,348.56 ","$3,025.20 ","$3,530.16 ","$2,860.00 ","$3,083.72 ","$3,308.68 "
110,2010-03-01T00:00:00,3/1/2010,23,,3/1/2010,$991.31 ,$814.25 ,$845.81 ,$772.40 ,$761.71 ,$836.21 ,$747.40 ,$875.16 ,$711.22 ,$770.79 ,$835.17 ,"$4,560.03 ","$3,745.55 ","$3,890.73 ","$3,553.04 ","$3,503.87 ","$3,846.57 ","$3,438.04 ","$4,025.74 ","$3,271.61 ","$3,545.63 ","$3,841.78 "
111,2010-04-01T00:00:00,4/1/2010,22,,4/1/2010,$990.27 ,$814.64 ,$845.36 ,$772.82 ,$763.12 ,$836.03 ,$748.46 ,$871.83 ,$724.46 ,$775.21 ,$835.04 ,"$4,357.19 ","$3,584.42 ","$3,719.58 ","$3,400.41 ","$3,357.73 ","$3,678.53 ","$3,293.22 ","$3,836.05 ","$3,187.62 ","$3,410.92 ","$3,674.18 "
112,2010-05-01T00:00:00,5/1/2010,21,,5/1/2010,$983.03 ,$817.80 ,$844.65 ,$770.62 ,$749.74 ,$830.15 ,$756.30 ,$869.84 ,$729.36 ,$779.82 ,$831.17 ,"$4,128.73 ","$3,434.76 ","$3,547.53 ","$3,236.60 ","$3,148.91 ","$3,486.63 ","$3,176.46 ","$3,653.33 ","$3,063.31 ","$3,275.24 ","$3,490.91 "
113,2010-06-01T00:00:00,6/1/2010,22,,6/1/2010,$992.43 ,$810.73 ,$851.70 ,$777.77 ,$754.39 ,$836.27 ,$763.68 ,$877.90 ,$707.19 ,$791.92 ,$844.28 ,"$4,366.69 ","$3,567.21 ","$3,747.48 ","$3,422.19 ","$3,319.32 ","$3,679.59 ","$3,360.19 ","$3,862.76 ","$3,111.64 ","$3,484.45 ","$3,714.83 "
114,2010-07-01T00:00:00,7/1/2010,22,,7/1/2010,$983.72 ,$818.63 ,$849.38 ,$780.06 ,$753.29 ,$826.95 ,$766.62 ,$877.27 ,$683.01 ,$784.63 ,$834.27 ,"$4,328.37 ","$3,601.97 ","$3,737.27 ","$3,432.26 ","$3,314.48 ","$3,638.58 ","$3,373.13 ","$3,859.99 ","$3,005.24 ","$3,452.37 ","$3,670.79 "
115,2010-08-01T00:00:00,8/1/2010,22,,8/1/2010,$997.12 ,$817.24 ,$852.95 ,$779.57 ,$750.13 ,$834.42 ,$757.10 ,$882.11 ,$679.73 ,$784.93 ,$847.53 ,"$4,387.33 ","$3,595.86 ","$3,752.98 ","$3,430.11 ","$3,300.57 ","$3,671.45 ","$3,331.24 ","$3,881.28 ","$2,990.81 ","$3,453.69 ","$3,729.13 "
116,2010-09-01T00:00:00,9/1/2010,22,,9/1/2010,$994.17 ,$819.94 ,$862.50 ,$787.00 ,$763.27 ,$844.44 ,$762.74 ,$898.03 ,$692.13 ,$795.99 ,$846.10 ,"$4,374.35 ","$3,607.74 ","$3,795.00 ","$3,462.80 ","$3,358.39 ","$3,715.54 ","$3,356.06 ","$3,951.33 ","$3,045.37 ","$3,502.36 ","$3,722.84 "
117,2010-10-01T00:00:00,10/1/2010,21,,10/1/2010,"$1,007.02 ",$830.21 ,$860.25 ,$795.67 ,$765.73 ,$836.01 ,$759.11 ,$886.04 ,$712.84 ,$789.55 ,$862.21 ,"$4,229.48 ","$3,486.88 ","$3,613.05 ","$3,341.81 ","$3,216.07 ","$3,511.24 ","$3,188.26 ","$3,721.37 ","$2,993.93 ","$3,316.11 ","$3,621.28 "
118,2010-11-01T00:00:00,11/1/2010,22,,11/1/2010,"$1,011.40 ",$824.79 ,$864.23 ,$789.56 ,$769.37 ,$849.03 ,$757.47 ,$891.88 ,$718.23 ,$797.76 ,$859.20 ,"$4,450.16 ","$3,629.08 ","$3,802.61 ","$3,474.06 ","$3,385.23 ","$3,735.73 ","$3,332.87 ","$3,924.27 ","$3,160.21 ","$3,510.14 ","$3,780.48 "
119,2010-12-01T00:00:00,12/1/2010,23,,12/1/2010,$994.73 ,$834.72 ,$868.07 ,$801.81 ,$778.68 ,$856.01 ,$778.99 ,$895.94 ,$732.23 ,$804.14 ,$860.52 ,"$4,575.76 ","$3,839.71 ","$3,993.12 ","$3,688.33 ","$3,581.93 ","$3,937.65 ","$3,583.35 ","$4,121.32 ","$3,368.26 ","$3,699.04 ","$3,958.39 "
120,2011-01-01T00:00:00,1/1/2011,21,,1/1/2011,"$1,030.23 ",$833.90 ,$871.06 ,$796.66 ,$784.91 ,$864.03 ,$755.24 ,$900.04 ,$717.14 ,$791.25 ,$881.43 ,"$4,326.97 ","$3,502.38 ","$3,658.45 ","$3,345.97 ","$3,296.62 ","$3,628.93 ","$3,172.01 ","$3,780.17 ","$3,011.99 ","$3,323.25 ","$3,702.01 "
121,2011-02-01T00:00:00,2/1/2011,20,,2/1/2011,"$1,042.48 ",$842.21 ,$877.32 ,$800.25 ,$785.16 ,$882.71 ,$760.68 ,$903.91 ,$718.23 ,$800.47 ,$859.99 ,"$4,169.92 ","$3,368.84 ","$3,509.28 ","$3,201.00 ","$3,140.64 ","$3,530.84 ","$3,042.72 ","$3,615.64 ","$2,872.92 ","$3,201.88 ","$3,439.96 "
122,2011-03-01T00:00:00,3/1/2011,23,,3/1/2011,"$1,027.54 ",$831.42 ,$873.52 ,$797.22 ,$787.89 ,$879.89 ,$764.78 ,$900.66 ,$733.39 ,$802.88 ,$862.46 ,"$4,726.68 ","$3,824.53 ","$4,018.19 ","$3,667.21 ","$3,624.29 ","$4,047.49 ","$3,517.99 ","$4,143.04 ","$3,373.59 ","$3,693.25 ","$3,967.32 "
123,2011-04-01T00:00:00,4/1/2011,21,,4/1/2011,"$1,032.66 ",$842.27 ,$869.47 ,$799.87 ,$790.98 ,$873.17 ,$761.80 ,$889.91 ,$723.85 ,$793.53 ,$873.00 ,"$4,337.17 ","$3,537.53 ","$3,651.77 ","$3,359.45 ","$3,322.12 ","$3,667.31 ","$3,199.56 ","$3,737.62 ","$3,040.17 ","$3,332.83 ","$3,666.60 "
124,2011-05-01T00:00:00,5/1/2011,22,,5/1/2011,"$1,031.81 ",$844.69 ,$869.04 ,$800.12 ,$782.27 ,$869.87 ,$761.41 ,$889.35 ,$728.64 ,$796.45 ,$849.61 ,"$4,539.96 ","$3,716.64 ","$3,823.78 ","$3,520.53 ","$3,441.99 ","$3,827.43 ","$3,350.20 ","$3,913.14 ","$3,206.02 ","$3,504.38 ","$3,738.28 "
125,2011-06-01T00:00:00,6/1/2011,22,,6/1/2011,"$1,024.12 ",$837.09 ,$871.32 ,$801.67 ,$776.84 ,$861.85 ,$773.11 ,$892.24 ,$714.54 ,$809.42 ,$851.75 ,"$4,506.13 ","$3,683.20 ","$3,833.81 ","$3,527.35 ","$3,418.10 ","$3,792.14 ","$3,401.68 ","$3,925.86 ","$3,143.98 ","$3,561.45 ","$3,747.70 "
126,2011-07-01T00:00:00,7/1/2011,21,,7/1/2011,"$1,016.42 ",$828.60 ,$864.90 ,$799.38 ,$780.81 ,$872.43 ,$768.31 ,$882.32 ,$694.13 ,$804.26 ,$865.03 ,"$4,268.96 ","$3,480.12 ","$3,632.58 ","$3,357.40 ","$3,279.40 ","$3,664.21 ","$3,226.90 ","$3,705.74 ","$2,915.35 ","$3,377.89 ","$3,633.13 "
127,2011-08-01T00:00:00,8/1/2011,23,,8/1/2011,"$1,040.53 ",$836.07 ,$867.68 ,$805.12 ,$779.72 ,$870.06 ,$765.45 ,$882.98 ,$695.93 ,$794.00 ,$883.31 ,"$4,786.44 ","$3,845.92 ","$3,991.33 ","$3,703.55 ","$3,586.71 ","$4,002.28 ","$3,521.07 ","$4,061.71 ","$3,201.28 ","$3,652.40 ","$4,063.23 "
128,2011-09-01T00:00:00,9/1/2011,22,,9/1/2011,"$1,026.41 ",$840.23 ,$869.71 ,$804.25 ,$789.36 ,$884.34 ,$755.59 ,$883.85 ,$722.29 ,$804.71 ,$897.27 ,"$4,516.20 ","$3,697.01 ","$3,826.72 ","$3,538.70 ","$3,473.18 ","$3,891.10 ","$3,324.60 ","$3,888.94 ","$3,178.08 ","$3,540.72 ","$3,947.99 "
129,2011-10-01T00:00:00,10/1/2011,21,,10/1/2011,"$1,051.14 ",$847.66 ,$882.05 ,$804.87 ,$795.26 ,$899.15 ,$760.34 ,$900.32 ,$718.82 ,$811.75 ,$891.84 ,"$4,414.79 ","$3,560.17 ","$3,704.61 ","$3,380.45 ","$3,340.09 ","$3,776.43 ","$3,193.43 ","$3,781.34 ","$3,019.04 ","$3,409.35 ","$3,745.73 "
130,2011-11-01T00:00:00,11/1/2011,22,,11/1/2011,"$1,049.67 ",$847.63 ,$880.44 ,$801.77 ,$799.89 ,$891.23 ,$773.94 ,$893.90 ,$738.85 ,$813.94 ,$894.83 ,"$4,618.55 ","$3,729.57 ","$3,873.94 ","$3,527.79 ","$3,519.52 ","$3,921.41 ","$3,405.34 ","$3,933.16 ","$3,250.94 ","$3,581.34 ","$3,937.25 "
131,2011-12-01T00:00:00,12/1/2011,22,,12/1/2011,"$1,036.98 ",$854.80 ,$883.91 ,$804.59 ,$794.52 ,$899.71 ,$780.79 ,$900.49 ,$734.86 ,$818.70 ,$891.22 ,"$4,562.71 ","$3,761.12 ","$3,889.20 ","$3,540.20 ","$3,495.89 ","$3,958.72 ","$3,435.48 ","$3,962.16 ","$3,233.38 ","$3,602.28 ","$3,921.37 "
132,2012-01-01T00:00:00,1/1/2012,22,,1/1/2012,"$1,052.79 ",$858.34 ,$883.36 ,$815.75 ,$793.02 ,$905.48 ,$771.54 ,$900.85 ,$726.08 ,$800.62 ,$909.00 ,"$4,632.28 ","$3,776.70 ","$3,886.78 ","$3,589.30 ","$3,489.29 ","$3,984.11 ","$3,394.78 ","$3,963.74 ","$3,194.75 ","$3,522.73 ","$3,999.60 "
133,2012-02-01T00:00:00,2/1/2012,21,,2/1/2012,"$1,067.39 ",$861.64 ,$887.67 ,$805.09 ,$801.20 ,$912.50 ,$769.19 ,$901.14 ,$733.40 ,$809.70 ,$906.18 ,"$4,483.04 ","$3,618.89 ","$3,728.21 ","$3,381.38 ","$3,365.04 ","$3,832.50 ","$3,230.60 ","$3,784.79 ","$3,080.28 ","$3,400.74 ","$3,805.96 "
134,2012-03-01T00:00:00,3/1/2012,22,,3/1/2012,"$1,058.46 ",$862.37 ,$890.00 ,$821.13 ,$807.70 ,$920.15 ,$777.65 ,$900.75 ,$756.80 ,$818.84 ,$911.63 ,"$4,657.22 ","$3,794.43 ","$3,916.00 ","$3,612.97 ","$3,553.88 ","$4,048.66 ","$3,421.66 ","$3,963.30 ","$3,329.92 ","$3,602.90 ","$4,011.17 "
135,2012-04-01T00:00:00,4/1/2012,21,,4/1/2012,"$1,060.70 ",$861.49 ,$888.88 ,$813.30 ,$806.78 ,$927.87 ,$776.37 ,$903.08 ,$735.01 ,$812.53 ,$902.61 ,"$4,454.94 ","$3,618.26 ","$3,733.30 ","$3,415.86 ","$3,388.48 ","$3,897.05 ","$3,260.75 ","$3,792.94 ","$3,087.04 ","$3,412.63 ","$3,790.96 "
136,2012-05-01T00:00:00,5/1/2012,23,,5/1/2012,"$1,040.93 ",$851.32 ,$887.88 ,$809.88 ,$806.65 ,$916.01 ,$789.90 ,$899.30 ,$756.25 ,$831.37 ,$896.36 ,"$4,788.28 ","$3,916.07 ","$4,084.25 ","$3,725.45 ","$3,710.59 ","$4,213.65 ","$3,633.54 ","$4,136.78 ","$3,478.75 ","$3,824.30 ","$4,123.26 "
137,2012-06-01T00:00:00,6/1/2012,21,,6/1/2012,"$1,063.52 ",$870.97 ,$894.78 ,$827.63 ,$810.46 ,$920.49 ,$792.77 ,$912.51 ,$753.98 ,$810.39 ,$914.58 ,"$4,466.78 ","$3,658.07 ","$3,758.08 ","$3,476.05 ","$3,403.93 ","$3,866.06 ","$3,329.63 ","$3,832.54 ","$3,166.72 ","$3,403.64 ","$3,841.24 "
138,2012-07-01T00:00:00,7/1/2012,22,,7/1/2012,"$1,074.05 ",$868.29 ,$896.94 ,$823.78 ,$805.55 ,$934.76 ,$790.05 ,$908.46 ,$724.34 ,$820.59 ,$926.99 ,"$4,725.82 ","$3,820.48 ","$3,946.54 ","$3,624.63 ","$3,544.42 ","$4,112.94 ","$3,476.22 ","$3,997.22 ","$3,187.10 ","$3,610.60 ","$4,078.76 "
139,2012-08-01T00:00:00,8/1/2012,23,,8/1/2012,"$1,080.71 ",$859.92 ,$899.43 ,$833.05 ,$808.42 ,$940.65 ,$792.79 ,$903.50 ,$720.63 ,$836.06 ,$932.18 ,"$4,971.27 ","$3,955.63 ","$4,137.38 ","$3,832.03 ","$3,718.73 ","$4,326.99 ","$3,646.83 ","$4,156.10 ","$3,314.90 ","$3,845.88 ","$4,288.03 "
140,2012-09-01T00:00:00,9/1/2012,20,,9/1/2012,"$1,081.71 ",$864.42 ,$898.60 ,$833.79 ,$805.12 ,$937.27 ,$793.77 ,$904.57 ,$728.82 ,$829.48 ,$927.79 ,"$4,326.84 ","$3,457.68 ","$3,594.40 ","$3,335.16 ","$3,220.48 ","$3,749.08 ","$3,175.08 ","$3,618.28 ","$2,915.28 ","$3,317.92 ","$3,711.16 "
141,2012-10-01T00:00:00,10/1/2012,23,,10/1/2012,"$1,096.41 ",$871.42 ,$903.29 ,$830.94 ,$813.12 ,$935.94 ,$789.91 ,$908.84 ,$726.81 ,$830.44 ,$931.35 ,"$5,043.49 ","$4,008.53 ","$4,155.13 ","$3,822.32 ","$3,740.35 ","$4,305.32 ","$3,633.59 ","$4,180.66 ","$3,343.33 ","$3,820.02 ","$4,284.21 "
142,2012-11-01T00:00:00,11/1/2012,22,,11/1/2012,"$1,080.35 ",$872.63 ,$903.67 ,$824.67 ,$810.50 ,$932.00 ,$804.97 ,$910.42 ,$750.13 ,$837.72 ,$923.00 ,"$4,753.54 ","$3,839.57 ","$3,976.15 ","$3,628.55 ","$3,566.20 ","$4,100.80 ","$3,541.87 ","$4,005.85 ","$3,300.57 ","$3,685.97 ","$4,061.20 "
143,2012-12-01T00:00:00,12/1/2012,21,,12/1/2012,"$1,088.62 ",$880.23 ,$908.37 ,$835.86 ,$810.92 ,$933.54 ,$807.32 ,$917.85 ,$753.02 ,$832.68 ,$933.32 ,"$4,572.20 ","$3,696.97 ","$3,815.15 ","$3,510.61 ","$3,405.86 ","$3,920.87 ","$3,390.74 ","$3,854.97 ","$3,162.68 ","$3,497.26 ","$3,919.94 "
144,2013-01-01T00:00:00,1/1/2013,23,,1/1/2013,"$1,069.35 ",$861.75 ,$898.44 ,$821.84 ,$801.75 ,$934.45 ,$783.89 ,$913.98 ,$738.67 ,$823.66 ,$923.96 ,"$4,919.01 ","$3,964.05 ","$4,132.82 ","$3,780.46 ","$3,688.05 ","$4,298.47 ","$3,605.89 ","$4,204.31 ","$3,397.88 ","$3,788.84 ","$4,250.22 "
145,2013-02-01T00:00:00,2/1/2013,20,,2/1/2013,"$1,113.51 ",$881.20 ,$911.76 ,$815.61 ,$800.38 ,$952.15 ,$786.92 ,$922.47 ,$744.10 ,$826.54 ,$952.18 ,"$4,454.04 ","$3,524.80 ","$3,647.04 ","$3,262.44 ","$3,201.52 ","$3,808.60 ","$3,147.68 ","$3,689.88 ","$2,976.40 ","$3,306.16 ","$3,808.72 "
146,2013-03-01T00:00:00,3/1/2013,21,,3/1/2013,"$1,105.64 ",$871.75 ,$905.22 ,$828.59 ,$793.96 ,$945.22 ,$785.75 ,$919.57 ,$761.85 ,$810.72 ,$953.97 ,"$4,643.69 ","$3,661.35 ","$3,801.92 ","$3,480.08 ","$3,334.63 ","$3,969.92 ","$3,300.15 ","$3,862.19 ","$3,199.77 ","$3,405.02 ","$4,006.67 "
147,2013-04-01T00:00:00,4/1/2013,22,,4/1/2013,"$1,103.68 ",$873.50 ,$905.41 ,$821.34 ,$799.96 ,$946.36 ,$786.58 ,$914.38 ,$756.39 ,$824.85 ,$936.01 ,"$4,856.19 ","$3,843.40 ","$3,983.80 ","$3,613.90 ","$3,519.82 ","$4,163.98 ","$3,460.95 ","$4,023.27 ","$3,328.12 ","$3,629.34 ","$4,118.44 "
148,2013-05-01T00:00:00,5/1/2013,23,,5/1/2013,"$1,098.46 ",$876.40 ,$910.56 ,$814.72 ,$808.09 ,$940.26 ,$800.56 ,$918.32 ,$769.83 ,$841.69 ,$934.64 ,"$5,052.92 ","$4,031.44 ","$4,188.58 ","$3,747.71 ","$3,717.21 ","$4,325.20 ","$3,682.58 ","$4,224.27 ","$3,541.22 ","$3,871.77 ","$4,299.34 "
149,2013-06-01T00:00:00,6/1/2013,20,,6/1/2013,"$1,097.71 ",$867.77 ,$911.94 ,$829.29 ,$809.50 ,$940.35 ,$803.66 ,$923.97 ,$755.63 ,$838.91 ,$948.34 ,"$4,390.84 ","$3,471.08 ","$3,647.76 ","$3,317.16 ","$3,238.00 ","$3,761.40 ","$3,214.64 ","$3,695.88 ","$3,022.52 ","$3,355.64 ","$3,793.36 "
150,2013-07-01T00:00:00,7/1/2013,23,,7/1/2013,"$1,099.53 ",$864.68 ,$906.82 ,$823.32 ,$799.99 ,$948.79 ,$808.55 ,$913.87 ,$738.70 ,$833.95 ,$946.31 ,"$5,057.84 ","$3,977.53 ","$4,171.37 ","$3,787.27 ","$3,679.95 ","$4,364.43 ","$3,719.33 ","$4,203.80 ","$3,398.02 ","$3,836.17 ","$4,353.03 "
151,2013-08-01T00:00:00,8/1/2013,22,,8/1/2013,"$1,093.14 ",$863.94 ,$907.30 ,$824.74 ,$801.43 ,$951.96 ,$802.88 ,$918.64 ,$736.48 ,$832.60 ,$942.20 ,"$4,809.82 ","$3,801.34 ","$3,992.12 ","$3,628.86 ","$3,526.29 ","$4,188.62 ","$3,532.67 ","$4,042.02 ","$3,240.51 ","$3,663.44 ","$4,145.68 "
152,2013-09-01T00:00:00,9/1/2013,21,,9/1/2013,"$1,114.87 ",$869.32 ,$907.86 ,$821.79 ,$789.91 ,$955.14 ,$795.15 ,$912.23 ,$746.35 ,$832.54 ,$941.82 ,"$4,682.45 ","$3,651.14 ","$3,813.01 ","$3,451.52 ","$3,317.62 ","$4,011.59 ","$3,339.63 ","$3,831.37 ","$3,134.67 ","$3,496.67 ","$3,955.64 "
153,2013-10-01T00:00:00,10/1/2013,23,,10/1/2013,"$1,118.79 ",$867.56 ,$916.45 ,$822.38 ,$805.09 ,$966.96 ,$797.84 ,$921.12 ,$751.10 ,$851.45 ,$943.92 ,"$5,146.43 ","$3,990.78 ","$4,215.67 ","$3,782.95 ","$3,703.41 ","$4,448.02 ","$3,670.06 ","$4,237.15 ","$3,455.06 ","$3,916.67 ","$4,342.03 "
154,2013-11-01T00:00:00,11/1/2013,21,,11/1/2013,"$1,137.21 ",$895.89 ,$922.36 ,$842.09 ,$824.87 ,$973.45 ,$806.92 ,$929.25 ,$757.00 ,$827.17 ,$958.33 ,"$4,776.28 ","$3,762.74 ","$3,873.91 ","$3,536.78 ","$3,464.45 ","$4,088.49 ","$3,389.06 ","$3,902.85 ","$3,179.40 ","$3,474.11 ","$4,024.99 "
155,2013-12-01T00:00:00,12/1/2013,22,,12/1/2013,"$1,143.70 ",$898.29 ,$930.28 ,$864.26 ,$819.70 ,$972.75 ,$808.43 ,$933.53 ,$777.15 ,$844.09 ,$964.53 ,"$5,032.28 ","$3,952.48 ","$4,093.23 ","$3,802.74 ","$3,606.68 ","$4,280.10 ","$3,557.09 ","$4,107.53 ","$3,419.46 ","$3,714.00 ","$4,243.93 "
156,2014-01-01T00:00:00,1/1/2014,23,,1/1/2014,"$1,115.88 ",$884.83 ,$920.18 ,$841.64 ,$807.50 ,$958.16 ,$801.59 ,$932.48 ,$770.86 ,$834.47 ,$941.24 ,"$5,133.05 ","$4,070.22 ","$4,232.83 ","$3,871.54 ","$3,714.50 ","$4,407.54 ","$3,687.31 ","$4,289.41 ","$3,545.96 ","$3,838.56 ","$4,329.70 "
157,2014-02-01T00:00:00,2/1/2014,20,,2/1/2014,"$1,147.69 ",$898.03 ,$933.15 ,$851.82 ,$823.19 ,$978.49 ,$813.83 ,$942.00 ,$770.26 ,$838.35 ,$970.05 ,"$4,590.76 ","$3,592.12 ","$3,732.60 ","$3,407.28 ","$3,292.76 ","$3,913.96 ","$3,255.32 ","$3,768.00 ","$3,081.04 ","$3,353.40 ","$3,880.20 "
158,2014-03-01T00:00:00,3/1/2014,21,,3/1/2014,"$1,155.43 ",$898.10 ,$930.78 ,$855.63 ,$812.96 ,$983.21 ,$809.56 ,$934.52 ,$774.89 ,$836.34 ,$967.05 ,"$4,852.81 ","$3,772.02 ","$3,909.28 ","$3,593.65 ","$3,414.43 ","$4,129.48 ","$3,400.15 ","$3,924.98 ","$3,254.54 ","$3,512.63 ","$4,061.61 "
159,2014-04-01T00:00:00,4/1/2014,22,,4/1/2014,"$1,147.73 ",$895.40 ,$931.12 ,$857.99 ,$831.93 ,$989.21 ,$817.48 ,$932.63 ,$779.90 ,$842.97 ,$975.60 ,"$5,050.01 ","$3,939.76 ","$4,096.93 ","$3,775.16 ","$3,660.49 ","$4,352.52 ","$3,596.91 ","$4,103.57 ","$3,431.56 ","$3,709.07 ","$4,292.64 "
160,2014-05-01T00:00:00,5/1/2014,22,,5/1/2014,"$1,134.33 ",$896.84 ,$932.72 ,$852.31 ,$834.73 ,$990.50 ,$827.56 ,$935.16 ,$773.62 ,$856.27 ,$958.68 ,"$4,991.05 ","$3,946.10 ","$4,103.97 ","$3,750.16 ","$3,672.81 ","$4,358.20 ","$3,641.26 ","$4,114.70 ","$3,403.93 ","$3,767.59 ","$4,218.19 "
161,2014-06-01T00:00:00,6/1/2014,21,,6/1/2014,"$1,151.22 ",$888.03 ,$938.57 ,$867.75 ,$834.85 ,$996.14 ,$830.24 ,$943.52 ,$783.76 ,$857.08 ,$980.26 ,"$4,835.12 ","$3,729.73 ","$3,941.99 ","$3,644.55 ","$3,506.37 ","$4,183.79 ","$3,487.01 ","$3,962.78 ","$3,291.79 ","$3,599.74 ","$4,117.09 "
162,2014-07-01T00:00:00,7/1/2014,23,,7/1/2014,"$1,138.21 ",$879.23 ,$939.30 ,$860.36 ,$842.70 ,$995.46 ,$830.68 ,$942.26 ,$757.95 ,$874.71 ,$978.14 ,"$5,235.77 ","$4,044.46 ","$4,320.78 ","$3,957.66 ","$3,876.42 ","$4,579.12 ","$3,821.13 ","$4,334.40 ","$3,486.57 ","$4,023.67 ","$4,499.44 "
163,2014-08-01T00:00:00,8/1/2014,21,,8/1/2014,"$1,155.68 ",$897.90 ,$935.22 ,$875.09 ,$826.67 ,$985.76 ,$822.27 ,$936.16 ,$759.39 ,$843.54 ,$984.13 ,"$4,853.86 ","$3,771.18 ","$3,927.92 ","$3,675.38 ","$3,472.01 ","$4,140.19 ","$3,453.53 ","$3,931.87 ","$3,189.44 ","$3,542.87 ","$4,133.35 "
164,2014-09-01T00:00:00,9/1/2014,22,,9/1/2014,"$1,159.89 ",$896.29 ,$934.74 ,$869.33 ,$836.43 ,$997.27 ,$811.21 ,$935.30 ,$757.86 ,$842.92 ,$979.19 ,"$5,103.52 ","$3,943.68 ","$4,112.86 ","$3,825.05 ","$3,680.29 ","$4,387.99 ","$3,569.32 ","$4,115.32 ","$3,334.58 ","$3,708.85 ","$4,308.44 "
165,2014-10-01T00:00:00,10/1/2014,23,,10/1/2014,"$1,163.69 ",$901.86 ,$940.68 ,$872.41 ,$838.49 ,"$1,001.57 ",$820.12 ,$936.71 ,$774.24 ,$858.82 ,$984.95 ,"$5,352.97 ","$4,148.56 ","$4,327.13 ","$4,013.09 ","$3,857.05 ","$4,607.22 ","$3,772.55 ","$4,308.87 ","$3,561.50 ","$3,950.57 ","$4,530.77 "
166,2014-11-01T00:00:00,11/1/2014,20,,11/1/2014,"$1,160.77 ",$902.69 ,$937.83 ,$862.07 ,$838.71 ,"$1,007.37 ",$816.48 ,$938.67 ,$782.53 ,$844.51 ,$992.31 ,"$4,643.08 ","$3,610.76 ","$3,751.32 ","$3,448.28 ","$3,354.84 ","$4,029.48 ","$3,265.92 ","$3,754.68 ","$3,130.12 ","$3,378.04 ","$3,969.24 "
167,2014-12-01T00:00:00,12/1/2014,23,,12/1/2014,"$1,159.60 ",$904.11 ,$948.40 ,$886.94 ,$856.35 ,"$1,006.98 ",$836.76 ,$950.38 ,$803.66 ,$862.12 ,$991.30 ,"$5,334.16 ","$4,158.91 ","$4,362.64 ","$4,079.92 ","$3,939.21 ","$4,632.11 ","$3,849.10 ","$4,371.75 ","$3,696.84 ","$3,965.75 ","$4,559.98 "
168,2015-01-01T00:00:00,1/1/2015,22,,1/1/2015,"$1,158.79 ",$911.57 ,$944.98 ,$875.17 ,$842.03 ,"$1,007.20 ",$830.52 ,$951.10 ,$794.39 ,$846.73 ,$982.60 ,"$5,098.68 ","$4,010.91 ","$4,157.91 ","$3,850.75 ","$3,704.93 ","$4,431.68 ","$3,654.29 ","$4,184.84 ","$3,495.32 ","$3,725.61 ","$4,323.44 "
169,2015-02-01T00:00:00,2/1/2015,20,,2/1/2015,"$1,176.32 ",$919.20 ,$957.80 ,$873.35 ,$854.39 ,"$1,015.85 ",$829.09 ,$969.17 ,$792.26 ,$857.53 ,$991.21 ,"$4,705.28 ","$3,676.80 ","$3,831.20 ","$3,493.40 ","$3,417.56 ","$4,063.40 ","$3,316.36 ","$3,876.68 ","$3,169.04 ","$3,430.12 ","$3,964.84 "
170,2015-03-01T00:00:00,3/1/2015,22,,3/1/2015,"$1,173.23 ",$911.73 ,$956.50 ,$865.29 ,$848.22 ,"$1,022.75 ",$823.01 ,$968.75 ,$800.10 ,$861.10 ,$988.79 ,"$5,162.21 ","$4,011.61 ","$4,208.60 ","$3,807.28 ","$3,732.17 ","$4,500.10 ","$3,621.24 ","$4,262.50 ","$3,520.44 ","$3,788.84 ","$4,350.68 "
171,2015-04-01T00:00:00,4/1/2015,22,,4/1/2015,"$1,150.61 ",$899.15 ,$954.70 ,$864.69 ,$864.81 ,"$1,019.61 ",$835.31 ,$964.80 ,$809.92 ,$881.27 ,$977.35 ,"$5,062.68 ","$3,956.26 ","$4,200.68 ","$3,804.64 ","$3,805.16 ","$4,486.28 ","$3,675.36 ","$4,245.12 ","$3,563.65 ","$3,877.59 ","$4,300.34 "
,2015-05-01T00:00:00,5/1/2015,,,,,,,,,,,,,,,,,,,,,,,,,
